{"cameraMode":{"drawMode":0,"name":"Shaded","section":"Shading Mode"},"sceneLighting":true,"audioPlay":false,"sceneViewState":{"m_AlwaysRefresh":false,"showFog":true,"showSkybox":true,"showFlares":true,"showImageEffects":true,"showParticleSystems":true,"showVisualEffectGraphs":true,"m_FxEnabled":true},"in2DMode":false,"pivot":{"x":-24.23714256286621,"y":-29.240497589111329,"z":2400.66357421875},"rotation":{"x":0.02819581888616085,"y":-0.0045017339289188389,"z":0.00012987734226044267,"w":0.9995850324630737},"size":99.37442779541016,"orthographic":false}